{"cameraMode":{"drawMode":0,"name":"Shaded","section":"Shading Mode"},"sceneLighting":true,"audioPlay":false,"sceneViewState":{"showFog":true,"showMaterialUpdate":false,"showSkybox":true,"showFlares":true,"showImageEffects":true,"showParticleSystems":true},"in2DMode":false,"pivot":{"x":-1.333588719367981,"y":0.26189562678337099,"z":-0.10510554164648056},"rotation":{"x":0.3275524973869324,"y":0.6464552283287048,"z":-0.3605964481830597,"w":0.5872406363487244},"size":12.206536293029786,"orthographic":false}